<?xml version="1.0" encoding="UTF-8"?>
<project-private xmlns="http://www.netbeans.org/ns/project-private/1">
    <editor-bookmarks xmlns="http://www.netbeans.org/ns/editor-bookmarks/2" lastBookmarkId="0"/>
    <open-files xmlns="http://www.netbeans.org/ns/projectui-open-files/2">
        <group>
            <file>file:/C:/Users/pacov/Desktop/Ing%20Computación%20administrativa/4°%20Tetramestre/Computación%20en%20Java/AgendaTelefonica/src/clases/Tipo.java</file>
            <file>file:/C:/Users/pacov/Desktop/Ing%20Computación%20administrativa/4°%20Tetramestre/Computación%20en%20Java/AgendaTelefonica/src/clases/Numero.java</file>
            <file>file:/C:/Users/pacov/Desktop/Ing%20Computación%20administrativa/4°%20Tetramestre/Computación%20en%20Java/AgendaTelefonica/src/vistas/VistaModificar.java</file>
            <file>file:/C:/Users/pacov/Desktop/Ing%20Computación%20administrativa/4°%20Tetramestre/Computación%20en%20Java/AgendaTelefonica/src/vistas/VistaContactos.java</file>
            <file>file:/C:/Users/pacov/Desktop/Ing%20Computación%20administrativa/4°%20Tetramestre/Computación%20en%20Java/AgendaTelefonica/src/clases/Contacto.java</file>
        </group>
    </open-files>
</project-private>
